[
    {
      "name": "goblin",
      "health": 100.0,
      "level": 3,
      "attacks": [
        {
          "attackId": "physical",
          "damage": 50.0
        }
      ],
      "damageMultipliers": [
        {
          "attackId": "magical",
          "multiplier": 1.2
        },
        {
          "attackId": "physical",
          "multiplier": 0.8
        }
      ],
      "spritePath": "sprites/goblin.png"
    },
    {
      "name": "wizard",
      "health": 80.0,
      "level": 4,
      "attacks": [
        {
          "attackId": "magical",
          "damage": 70.0
        },
        {
          "attackId": "fire",
          "damage": 60.0
        }
      ],
      "damageMultipliers": [
        {
          "attackId": "physical",
          "multiplier": 1.5
        },
        {
          "attackId": "magical",
          "multiplier": 0.5
        }
      ],
      "spritePath": "sprites/wizard.png"
    },
    {
      "name": "orc",
      "health": 150.0,
      "level": 5,
      "attacks": [
        {
          "attackId": "physical",
          "damage": 80.0
        },
        {
          "attackId": "poison",
          "damage": 40.0
        }
      ],
      "damageMultipliers": [],
      "spritePath": "sprites/orc.png"
    },
    {
      "name": "skeleton",
      "health": 120.0,
      "level": 3,
      "attacks": [
        {
          "attackId": "physical",
          "damage": 60.0
        },
        {
          "attackId": "poison",
          "damage": 30.0
        }
      ],
      "damageMultipliers": [
        {
          "attackId": "magical",
          "multiplier": 1.1
        }
      ],
      "spritePath": "sprites/skeleton.png"
    },
    {
      "name": "Cave Rat",
      "health": 70.0,
      "level": 1,
      "attacks": [
        {
          "attackId": "physical",
          "damage": 30.0
        }
      ],
      "damageMultipliers": [],
      "spritePath": "sprites/rat.png"
    }
]


