{
  "enemies": [
    {
      "name": "Ancient Warrior",
      "health": 200.0,
      "level": 18,
      "attacks": [
        {
          "attackId": "physical",
          "damage": 40.0
        }
      ],
      "damageMultipliers": [],
      "spritePath": "sprites/ancient-warrior.png"
    },
    {
      "name": "Ancient Guardian",
      "health": 200.0,
      "level": 20,
      "attacks": [
        {
          "attackId": "physical",
          "damage": 100.0
        },
        {
          "attackId": "fire",
          "damage": 60.0
        }
      ],
      "damageMultipliers": [
        {
          "attackId": "magical",
          "multiplier": 1.5
        },
        {
          "attackId": "physical",
          "multiplier": 0.5
        }
      ],
      "spritePath": "sprites/ancient-guardian.png"
    },
    {
      "name": "Ancient Knight",
      "health": 220.0,
      "level": 19,
      "attacks": [
        {
          "attackId": "physical",
          "damage": 80.0
        }
      ],
      "damageMultipliers": [],
      "spritePath": "sprites/dark-knight.png"
    },
    {
      "name": "Cave Rat",
      "health": 70.0,
      "level": 1,
      "attacks": [
        {
          "attackId": "physical",
          "damage": 30.0
        }
      ],
      "damageMultipliers": [],
      "spritePath": "sprites/rat.png"
    }
  ]
}