[
    {
        "name": "Dark Knight",
        "health": 200.0,
        "level": 13,
        "attacks": [
            {
                "attackId": "dark",
                "damage": 80.0
            }
        ],
        "spritePath": "tower/sprites/dark-knight.png"
    },
    {
        "name": "Dark Sorcerer",
        "health": 150.0,
        "level": 15,
        "attacks": [
            {
                "attackId": "dark",
                "damage": 90.0
            },
            {
                "attackId": "poison",
                "damage": 50.0
            }
        ],
        "damageMultipliers": [
            {
                "attackId": "physical",
                "multiplier": 1.4
            },
            {
                "attackId": "dark",
                "multiplier": 0.6
            }
        ],
        "spritePath": "sprites/dark-sorcerer.png"
    },
    {
      "name": "Shadow Assassin",
      "health": 130.0,
      "level": 14,
      "attacks": [
        {
          "attackId": "dark",
          "damage": 70.0
        },
        {
          "attackId": "physical",
          "damage": 50.0
        }
      ],
      "damageMultipliers": [
        {
          "attackId": "light",
          "multiplier": 1.5
        },
        {
          "attackId": "dark",
          "multiplier": 0.5
        }
      ],
      "spritePath": "sprites/shadow-assassin.png"
    },
    {
      "name": "Ice Golem",
      "health": 180.0,
      "level": 16,
      "attacks": [
        {
          "attackId": "ice",
          "damage": 75.0
        }
      ],
      "damageMultipliers": [],
      "spritePath": "sprites/ice-golem.png"
    },
    {
      "name": "Dark Rat",
      "health": 60.0,
      "level": 1,
      "attacks": [
        {
          "attackId": "physical",
          "damage": 27.0
        }
      ],
      "damageMultipliers": [],
      "spritePath": "sprites/rat.png"
    }
]