[
    {
        "name": "Orc",
        "health": 150.0,
        "level": 9,
        "attacks": [
            {
                "attackId": "physical",
                "damage": 60.0
            }
        ],
        "spritePath": "tower/sprites/orc.png"
    },
    {
        "name": "Mystic Sorcerer",
        "health": 130.0,
        "level": 10,
        "attacks": [
            {
                "attackId": "magical",
                "damage": 70.0
            }
        ],
        "spritePath": "sprites/mystic-sorcerer.png"
    },
    {
      "name": "Plague Rat",
      "health": 40.0,
      "level": 1,
      "attacks": [
        {
          "attackId": "physical",
          "damage": 23.0
        }
      ],
      "damageMultipliers": [],
      "spritePath": "sprites/rat.png"
    }
]